{
  "project_info": {
    "project_number": "958200602940",
    "project_id": "meal-time-f1897",
    "storage_bucket": "meal-time-f1897.appspot.com"
  },
  "client": [
    {
      "client_info": {
        "mobilesdk_app_id": "1:958200602940:android:bed905e68cfccfd1b53e39",
        "android_client_info": {
          "package_name": "com.group12.mealtime"
        }
      },
      "oauth_client": [
        {
          "client_id": "958200602940-0a7og2b66r4f496jf297qq515supmg19.apps.googleusercontent.com",
          "client_type": 3
        }
      ],
      "api_key": [
        {
          "current_key": "AIzaSyCRnc7Fwsw6LQLWpTF7LjJoxtDD9wimekI"
        }
      ],
      "services": {
        "appinvite_service": {
          "other_platform_oauth_client": [
            {
              "client_id": "958200602940-0a7og2b66r4f496jf297qq515supmg19.apps.googleusercontent.com",
              "client_type": 3
            }
          ]
        }
      }
    }
  ],
  "configuration_version": "1"
}